{
    "best_epoch_train": 201,
    "best_loss_train": 0.29224762861819703,
    "best_epoch_val": 86,
    "best_loss_val": 0.7553204686426725,
    "train_losses": [
        2.507153450889115,
        1.2425074815996169,
        1.078037634415031,
        1.0217771627954655,
        0.9840200745161349,
        0.9656416150069458,
        0.9379591371006764,
        0.9170091022401894,
        0.9014969653573937,
        0.8767014716677868,
        0.8651463816901601,
        0.8465313186832503,
        0.8337406170995612,
        0.8176377863153216,
        0.7954239888949045,
        0.75578731230784,
        0.7540843585511848,
        0.7340889068395361,
        0.7301449467215622,
        0.7109392762983793,
        0.6892608735091423,
        0.693139945359668,
        0.6746371692917296,
        0.6596599027160767,
        0.655228760343341,
        0.6374208336029014,
        0.6298835975097798,
        0.6286787422079789,
        0.6142950695857667,
        0.6040690457304195,
        0.6059050434514096,
        0.6004612567008957,
        0.5983187626697454,
        0.5987518020089566,
        0.5761762329668453,
        0.5697555280875864,
        0.5680716260729436,
        0.5594166227846077,
        0.5724881227417504,
        0.5497861222216958,
        0.5468178946290346,
        0.5403643269841516,
        0.543961635960883,
        0.5354113402565935,
        0.531652173083141,
        0.5322897446229362,
        0.5249147173420933,
        0.5189978088818344,
        0.5145251465225121,
        0.5153522988468009,
        0.5067367385476982,
        0.505640835185046,
        0.5035392761661049,
        0.4948222536297652,
        0.4914477817537369,
        0.4917348757678387,
        0.48884859579635476,
        0.48207352740230697,
        0.47682399840177764,
        0.47417548766323164,
        0.4724451856162895,
        0.47426889942895517,
        0.4710813081670472,
        0.46469645083750244,
        0.46568482440691616,
        0.46218885492122086,
        0.4550782616785559,
        0.4529641065804213,
        0.4486402889523344,
        0.4550811355266532,
        0.4455953450456369,
        0.44379694595302466,
        0.4387810578102667,
        0.43629137508886395,
        0.436512126519092,
        0.4322123852307582,
        0.43009321586881505,
        0.4335093099020337,
        0.43180453602005453,
        0.420827366280974,
        0.4258208893339454,
        0.41888251762272033,
        0.41542084135261237,
        0.4158910143855186,
        0.41346242922378396,
        0.413869066996225,
        0.4079885882305287,
        0.40616996492517743,
        0.40387345298401955,
        0.40414733826437477,
        0.3975786761725773,
        0.39790320411801217,
        0.3966061855186742,
        0.39531675091837953,
        0.390175951708212,
        0.39399415137721044,
        0.39090783265106943,
        0.38660502476834907,
        0.38541195614665164,
        0.3830322524526909,
        0.3818094156782447,
        0.3794741353137328,
        0.37630811518190815,
        0.3783842135140032,
        0.3749339908392191,
        0.3763159255125205,
        0.3740417033710716,
        0.370872636051739,
        0.36768404344410105,
        0.3669734587671833,
        0.3698085810377871,
        0.36555323822825564,
        0.366629022808882,
        0.3604988270622781,
        0.36332576774960335,
        0.3605792128449254,
        0.3592851671272018,
        0.3604099140632263,
        0.3577785626038432,
        0.35458554667338993,
        0.3541704592813033,
        0.3499830601077577,
        0.3509313895052801,
        0.3504283203060044,
        0.347043423460733,
        0.34530475237421204,
        0.3454214455358015,
        0.3458416419194087,
        0.3429598827664697,
        0.34134605822179337,
        0.34031790885516855,
        0.3458469662934511,
        0.3385647332951257,
        0.3372227781758835,
        0.33635205691689923,
        0.3357031429945746,
        0.33469396774244753,
        0.334778648473407,
        0.33410986387569713,
        0.3351497142984156,
        0.33002175281537455,
        0.3291702786281751,
        0.32781397090730774,
        0.32705427824651245,
        0.3285153120048767,
        0.32615677487985517,
        0.3255065807801651,
        0.32489995376982556,
        0.3254821487501556,
        0.3252838973044365,
        0.32212389927161367,
        0.3208881444360204,
        0.322548028454569,
        0.3194695128006832,
        0.31992377923615084,
        0.3164374635807624,
        0.3207588037101108,
        0.3169381615424181,
        0.31714267864192847,
        0.3146405610937329,
        0.3146792665293096,
        0.31211177738704426,
        0.31139425453571346,
        0.3112152135778138,
        0.3119870564516853,
        0.3104142613701284,
        0.3207233120351876,
        0.3105971537630378,
        0.3074878594454597,
        0.31549970964037105,
        0.3092233181245802,
        0.3084890325741133,
        0.3086723509649251,
        0.30910578459285976,
        0.3066769254435204,
        0.3048116074811563,
        0.3039967970244041,
        0.3055637328125252,
        0.3081686531796175,
        0.3034227738931575,
        0.3042846880584063,
        0.30299482779852255,
        0.30362921092040274,
        0.3016763716720821,
        0.30050160619742605,
        0.3000386232131529,
        0.3068606481186746,
        0.29915956517737224,
        0.2984513242578113,
        0.29786022055136774,
        0.29643465704654637,
        0.29869439118417795,
        0.2968259096084118,
        0.2955134355677417,
        0.29611577510341647,
        0.293930706409478,
        0.2951965982669155,
        0.2950201626901656,
        0.29314805638002783,
        0.29235142148008536,
        0.29224762861819703
    ],