{
    "best_epoch_train": 199,
    "best_loss_train": 0.22226773193192556,
    "best_epoch_val": 24,
    "best_loss_val": 0.6801054047756507,
    "train_losses": [
        1.3315639291631425,
        0.6861186406130146,
        0.6207067053322944,
        0.5786470268902025,
        0.5570124743585124,
        0.5417483044544118,
        0.5304788833001572,
        0.5192147175655523,
        0.5084491260465085,
        0.5016731348261622,
        0.4957021851596202,
        0.48383196788552624,
        0.47449313576253455,
        0.46569527490343227,
        0.4562149073686393,
        0.44827857063035603,
        0.440588430692783,
        0.43144433909279395,
        0.4264054680387302,
        0.41851706613697137,
        0.41335735293979864,
        0.4055294540890476,
        0.4003987950498721,
        0.39453070325502054,
        0.3897190625453512,
        0.3852936046657425,
        0.3782555066641147,
        0.37402345653780966,
        0.3686685325314509,
        0.3655132538762993,
        0.35879573219823885,
        0.3551037406281667,
        0.3506743116275445,
        0.34890039260542427,
        0.34126323430776845,
        0.3390272806549466,
        0.33596539448166285,
        0.3335192024830817,
        0.3281500946934132,
        0.3252106155465877,
        0.3233221734886445,
        0.31932314732126404,
        0.3154268102226366,
        0.31444160580266,
        0.3110569366422108,
        0.30872690917537676,
        0.3056093312576951,
        0.30304501713921533,
        0.3014601291886793,
        0.29897761068107914,
        0.29559069616629735,
        0.2945613830635791,
        0.2934254634552573,
        0.2898845752111037,
        0.2886602925934413,
        0.28705842865263836,
        0.28515459049658387,
        0.28418870822317954,
        0.2831743788300899,
        0.2809610567348783,
        0.27925935060062645,
        0.2787377717294437,
        0.2761167337497075,
        0.27621882973994266,
        0.27419733421413767,
        0.27314862305965465,
        0.2722966211806633,
        0.27000006470517846,
        0.26936575369015564,
        0.26873855400442215,
        0.2668985495318815,
        0.2651492352640666,
        0.26497008927527843,
        0.26418882926735715,
        0.2629893723840684,
        0.2617191412439041,
        0.2622214379509905,
        0.26125980132443,
        0.2594499237550917,
        0.25758283506113927,
        0.2576612985632368,
        0.25717812512066096,
        0.25654918450566144,
        0.25536330142687963,
        0.2552791417137142,
        0.2549400927789194,
        0.2530986244710483,
        0.25316768640150594,
        0.2531296374628049,
        0.2518171933167244,
        0.2521495710985333,
        0.25035148852872896,
        0.25009089366939413,
        0.24876537892902106,
        0.2484982757684001,
        0.2483183174433477,
        0.24753594509219237,
        0.247420067619244,
        0.24685623557513467,
        0.2464674865159949,
        0.24588181802731918,
        0.24615681888026228,
        0.24515422091457004,
        0.24435910121206159,
        0.2442233030394996,
        0.2435230573387461,
        0.24370269735715708,
        0.24301457791075004,
        0.2418801897235207,
        0.24164949449776865,
        0.24163063491768635,
        0.24204031518738336,
        0.24059706807936185,
        0.24002359029370812,
        0.2404898169639802,
        0.23935681263175174,
        0.2392487898392082,
        0.2390430241023547,
        0.23887310030229075,
        0.23818317720026425,
        0.23738579687319303,
        0.23748322200295358,
        0.23725167018341206,
        0.23672394592880094,
        0.23613569264995055,
        0.23624598560133955,
        0.23553170820446329,
        0.23629407383217038,
        0.2357790854723953,
        0.2348723168743407,
        0.23482039174059227,
        0.23485183165292375,
        0.23457971084536167,
        0.2338305696675898,
        0.2335272165951468,
        0.23316792187245391,
        0.23366699394672893,
        0.2334215987946596,
        0.2326990120858723,
        0.23241153614685878,
        0.2321140297887495,
        0.23217474282464498,
        0.23212758593945557,
        0.23310300964627595,
        0.2312941691454719,
        0.23055686416456206,
        0.23047866343959814,
        0.2306496534031365,
        0.23091745425796115,
        0.23028081466354453,
        0.2304115480713554,
        0.23065994350841293,
        0.2294436755010587,
        0.22987159033247315,
        0.22891434412007483,
        0.22939301928807093,
        0.22850808977957726,
        0.22825268527610137,
        0.22891086416839937,
        0.22824643875238695,
        0.22878734175388782,
        0.22799524286583112,
        0.2281007587110049,
        0.22742866554804014,
        0.22780048155194096,
        0.22716038927082183,
        0.22695964644014283,
        0.22717292402304856,
        0.22686020510177002,
        0.22637020851128856,
        0.22623815405171968,
        0.2262933843522126,
        0.22618236533443994,
        0.22575111947069473,
        0.2257935798758693,
        0.22578100065082712,
        0.22543568052620588,
        0.225254391584357,
        0.22559700332681953,
        0.22512312165785378,
        0.22492434658010185,
        0.22483993177874045,
        0.22464513526489369,
        0.22441562830294617,
        0.22453327293981584,
        0.22381429109718531,
        0.2241611432580141,
        0.2245242665180604,
        0.22436245082578668,
        0.22372926091938689,
        0.22377990784413798,
        0.22364672128076524,
        0.22335807668473823,
        0.223327764508894,
        0.22313212967017362,
        0.22262246268575528,
        0.22305227525463045,
        0.22290916031974264,
        0.22226773193192556,
        0.22263754290692947
    ],