{
    "best_epoch_train": 200,
    "best_loss_train": 0.22681291373706086,
    "best_epoch_val": 41,
    "best_loss_val": 0.7607191346707891,
    "train_losses": [
        2.239087654587162,
        0.9915467810089497,
        0.8539116679084313,
        0.7986257218354996,
        0.7587144663643911,
        0.7320710277901837,
        0.7038996214714089,
        0.6962624938064808,
        0.6715342469813285,
        0.6732136881203843,
        0.6617540733425487,
        0.6321227041806476,
        0.6207935328454056,
        0.6117099680091083,
        0.5932663779386672,
        0.5847841615339797,
        0.5757966900573057,
        0.5712219282323485,
        0.5740047019394067,
        0.5563438190579784,
        0.5397372341131401,
        0.5428178667468552,
        0.5376684966471174,
        0.5245208068836338,
        0.5182550356668585,
        0.5204884006389031,
        0.5060214611275893,
        0.5038543233745977,
        0.4944159685950284,
        0.4919334714319192,
        0.4850950744252948,
        0.4812854493365568,
        0.47750032775419293,
        0.474411349024689,
        0.4649966178294675,
        0.47151092918910725,
        0.45696642853404223,
        0.4508244816917384,
        0.45016241458055284,
        0.44226241588469506,
        0.4373067343690201,
        0.4375979700447728,
        0.4345692950997682,
        0.4301973692342347,
        0.4256854135739176,
        0.417246038422865,
        0.41761276015187193,
        0.4158276537254499,
        0.40714146644338367,
        0.40493063577926564,
        0.3981117253394565,
        0.39809867598200976,
        0.3916256220163576,
        0.39035933333284717,
        0.3874768070699753,
        0.38432789208719237,
        0.3840907868093996,
        0.3796910686943184,
        0.374204569526009,
        0.3722883030787587,
        0.36972121043963085,
        0.36644040621717155,
        0.36383569683452877,
        0.3609702153471601,
        0.3565197730027485,
        0.3562228164498159,
        0.3529555573367482,
        0.35187978127546476,
        0.34624105273631584,
        0.34365614581280324,
        0.33947868935833037,
        0.34164007037293675,
        0.3391083926116227,
        0.3326368640696916,
        0.3324024335272664,
        0.3320944506071423,
        0.33056784192844074,
        0.3244107967190698,
        0.3225322654557302,
        0.3267058196820711,
        0.3269381715663323,
        0.3182333290915248,
        0.31758739120327895,
        0.3164406036198816,
        0.31286513897656654,
        0.3111834176061569,
        0.3087995418331079,
        0.3082979476488781,
        0.30598879658585365,
        0.3059104158474811,
        0.3057168118724882,
        0.30642026533652383,
        0.3029968473595116,
        0.29863708453220233,
        0.2956573596710514,
        0.295910940758338,
        0.2929542583823819,
        0.2922877442203193,
        0.292949309536055,
        0.2911941462164693,
        0.2878642790057957,
        0.289086707236228,
        0.2967630569256988,
        0.2852707360058992,
        0.28345392604422887,
        0.28271116760739107,
        0.28096758905640573,
        0.2814871059082856,
        0.2796614750281699,
        0.27863436031575295,
        0.27584845759551224,
        0.2760635903960534,
        0.2754307144443563,
        0.27500245676321144,
        0.2723396755562724,
        0.27160507049968985,
        0.27798205289616795,
        0.26842333044245514,
        0.26766742670560645,
        0.2684864547445801,
        0.2658679883300458,
        0.26624920549038394,
        0.27010535601799457,
        0.26472167170945826,
        0.26469694677705735,
        0.2644730991500327,
        0.2639677172720863,
        0.26116852588390294,
        0.25973775587645354,
        0.2602154818143392,
        0.25951368350178095,
        0.25900211156767833,
        0.2585982209603976,
        0.25689247624239314,
        0.2582815132796826,
        0.2558096425052275,
        0.25617891651558067,
        0.25383702787821505,
        0.25448118942194803,
        0.2549630259274206,
        0.2525227518734917,
        0.2515338470907526,
        0.2512958568623683,
        0.2502686959086803,
        0.24990503145506754,
        0.24875380690867932,
        0.24894276205969298,
        0.24869726081566176,
        0.24804871274836907,
        0.2467216390297509,
        0.24730314795692884,
        0.24570505785437682,
        0.24756459753395235,
        0.24428449588048323,
        0.24477566600276468,
        0.24364737288255564,
        0.2435300933010684,
        0.24243229667591729,
        0.24166663950626327,
        0.24241517175092786,
        0.24106959368114747,
        0.24055634869572057,
        0.2409878416819223,
        0.23969531685144663,
        0.23961127145740638,
        0.2391962476989679,
        0.23896302242827736,
        0.2385353776323537,
        0.23953870324835075,
        0.23690385938121317,
        0.23676775517355425,
        0.23615687797989762,
        0.23649128110477677,
        0.2358997156776265,
        0.23553050771524786,
        0.23639940056023337,
        0.23573949825406937,
        0.23366852295349502,
        0.23266426457709202,
        0.23327959335809892,
        0.2344454389269261,
        0.23311620661594795,
        0.23277258871448053,
        0.2324617933501154,
        0.23101007398621587,
        0.2313610685006999,
        0.2309850849695619,
        0.2300953878430021,
        0.22990657435297596,
        0.23019340680479633,
        0.22966876250794552,
        0.2291472327998302,
        0.22975938195906678,
        0.22954883371836385,
        0.22809718510806867,
        0.22800298757904947,
        0.22813183013868774,
        0.2281045015013255,
        0.22781986011993774,
        0.22681291373706086
    ],