{
  "train_loss": [
    0.901204195752486,
    0.38737039330329365,
    0.29929552645368185,
    0.23475585030136983,
    0.19365920798028938,
    0.16837800021447283,
    0.14493222708516226,
    0.1183308859792801,
    0.11015668651401597,
    0.08992732252789085,
    0.0827810968597894,
    0.0761165430016381,
    0.06330949177212579,
    0.057539487271062416,
    0.05199754676528209,
    0.04963470026600681,
    0.04278527815498327,
    0.03932032098769603,
    0.03649218671627739,
    0.042312071387976734,
    0.03524468420650358,
    0.026388156747279106,
    0.030804036998189507,
    0.02822121100196762,
    0.02421452624050231,
    0.021501470548916338,
    0.0210981471759734,
    0.022349248135546215,
    0.0344669244573805,
    0.019005862350724555,
    0.019402814829971103,
    0.021647652284398234,
    0.014646717954343344,
    0.015191224255110101,
    0.031796446924949345,
    0.01948266339287711,
    0.013826511856874092,
    0.007168925351425365,
    0.009525550551237476,
    0.01884216270573149,
    0.03123574488770811,
    0.023578574616153314,
    0.017617877367951233,
    0.010329810130120451,
    0.007002450075725581,
    0.009277534082562175,
    0.013085653506811741,
    0.01613647153844579,
    0.014269605938274995,
    0.009540404977148786
  ],
  "train_acc": [
    0.7114093959731543,
    0.8578988125967991,
    0.8909395973154363,
    0.9169463087248322,
    0.9328213732576148,
    0.9412106350025813,
    0.9477284460505937,
    0.9584408879710893,
    0.9608931337119256,
    0.9683144037170883,
    0.9703149199793495,
    0.9720573051109964,
    0.978704181724316,
    0.9788332472896232,
    0.9801884357253485,
    0.9831569437274136,
    0.984189468249871,
    0.9863190500774394,
    0.9867062467733608,
    0.9854155911202891,
    0.9880614352090862,
    0.9908363448631905,
    0.9888358286009292,
    0.9900619514713475,
    0.9922560660815695,
    0.9923205988642231,
    0.9925787299948374,
    0.9929013939081053,
    0.9885131646876614,
    0.9932240578213732,
    0.9938048528652556,
    0.9927077955601445,
    0.9949019101703666,
    0.9950955085183273,
    0.9896102219927724,
    0.9936757872999483,
    0.9952245740836345,
    0.99748322147651,
    0.9969669592152813,
    0.9941920495611771,
    0.9898683531233867,
    0.9909654104284977,
    0.9942565823438306,
    0.9965152297367063,
    0.99748322147651,
    0.997031491997935,
    0.9954181724315952,
    0.9940629839958699,
    0.9953536396489416,
    0.9969024264326277
  ],
  "val_loss": [
    0.4676944945790316,
    0.300178716885225,
    0.26186949401616927,
    0.24024845437407802,
    0.19782950740286415,
    0.20746254501696032,
    0.18420493190412862,
    0.15366278918797538,
    0.15296017076814367,
    0.15777263891915408,
    0.23167936500040723,
    0.13608416846473007,
    0.17019077714688396,
    0.1775876073985061,
    0.16709138879963092,
    0.16601240348742066,
    0.20140216101459085,
    0.1591079658494515,
    0.1658569054224201,
    0.16851976576175157,
    0.1967251963017217,
    0.16193889503818723,
    0.18257395426175863,
    0.19718088601967323,
    0.2168584808388222,
    0.18325196819694373,
    0.16394655254924795,
    0.2175710586524219,
    0.16831278330927726,
    0.17356931657045233,
    0.1918902473700188,
    0.20319004210311234,
    0.1877997391652864,
    0.2488596689996488,
    0.1987796008777283,
    0.16087880934106363,
    0.1403146188727315,
    0.17375673967181374,
    0.19252282536454465,
    0.21882612467058307,
    0.2340017181961082,
    0.18615718740271764,
    0.20142334293060593,
    0.17950651078462354,
    0.16146000382857312,
    0.1888159170069647,
    0.1827987111743326,
    0.20153051322815527,
    0.1759641743959858,
    0.16041744759457285
  ],
  "val_acc": [
    0.8316985028394425,
    0.8998451213216314,
    0.9003613835828601,
    0.912751677852349,
    0.9287558079504388,
    0.9251419721218379,
    0.9390810531750129,
    0.9478575116159009,
    0.9499225606608157,
    0.9463087248322147,
    0.9277232834279814,
    0.9509550851832731,
    0.9478575116159009,
    0.9463087248322147,
    0.9463087248322147,
    0.9499225606608157,
    0.9442436757873,
    0.9519876097057305,
    0.9504388229220444,
    0.9535363964894166,
    0.9463087248322147,
    0.9576664945792462,
    0.9519876097057305,
    0.949406298399587,
    0.9483737738771296,
    0.9535363964894166,
    0.9592152813629323,
    0.9447599380485286,
    0.9602478058853898,
    0.9540526587506454,
    0.9550851832731028,
    0.9488900361383583,
    0.9556014455343315,
    0.9509550851832731,
    0.9509550851832731,
    0.9628291171915333,
    0.9674754775425917,
    0.9638616417139907,
    0.9556014455343315,
    0.9540526587506454,
    0.9488900361383583,
    0.9612803304078472,
    0.9561177077955602,
    0.9602478058853898,
    0.9638616417139907,
    0.9592152813629323,
    0.9566339700567889,
    0.9556014455343315,
    0.9648941662364481,
    0.9617965926690759
  ]
}