{
  "train_loss": [
    2.160234619122408,
    0.42932319924212264,
    0.1563109320001345,
    0.07450921524644945,
    0.04433343871450941,
    0.02504550340014693,
    0.01890314472949822,
    0.013453664437222939,
    0.008547575356295476,
    0.005048455261549863,
    0.003968482171884888,
    0.017494164648618228,
    0.008153537850551477,
    0.0026481206373241382,
    0.00189577265501707,
    0.0012725744288401854,
    0.000979407201011744,
    0.001028455404569426,
    0.0007722330350326889,
    0.0005843405905015003,
    0.0004846411993743075,
    0.038075048406620425,
    0.004329715625053126,
    0.0028567003328055065,
    0.0017023209607621456,
    0.0022199883509774272,
    0.0005361690659498605,
    0.0004404587869418335,
    0.00031912287864396534,
    0.00028045904836185287,
    0.00024395746837074282,
    0.00027443125476064444,
    0.0002033907119083162,
    0.000181240207760658,
    0.00015582251444615344,
    0.00014069623931951266,
    0.00013682364370662866,
    0.00011788629401159301,
    0.032071678714275756,
    0.0078122848740901285,
    0.0011804176969546247,
    0.001324844340365029,
    0.0003460617491972542,
    0.000253737006356374,
    0.00019322442570335828,
    0.0001656068184845261,
    0.0001687042987572484,
    0.00013421568463059855,
    0.00011716354911646647,
    0.00010664173512763205
  ],
  "train_acc": [
    0.6522328342798142,
    0.932498709344347,
    0.9759938048528652,
    0.9915462054723799,
    0.9955472379969025,
    0.9982576148683531,
    0.9987093443469283,
    0.9988384099122354,
    0.999677336086732,
    0.9999354672173464,
    0.9999354672173464,
    0.9958699019101703,
    0.9992901393908106,
    1.0,
    0.9999354672173464,
    1.0,
    1.0,
    1.0,
    1.0,
    1.0,
    1.0,
    0.9896747547754259,
    0.9992901393908106,
    0.9995482705214249,
    0.9998709344346928,
    0.9996128033040784,
    1.0,
    1.0,
    1.0,
    1.0,
    1.0,
    1.0,
    1.0,
    1.0,
    1.0,
    1.0,
    1.0,
    1.0,
    0.9896747547754259,
    0.997805885389778,
    0.9997418688693857,
    0.9997418688693857,
    1.0,
    1.0,
    1.0,
    1.0,
    1.0,
    1.0,
    1.0,
    1.0
  ],
  "val_loss": [
    0.7734375145549803,
    0.23479652638649534,
    0.10839152576139309,
    0.06499007770432969,
    0.03989112372935649,
    0.029274012248676557,
    0.029979465183622607,
    0.018321999895377264,
    0.011082882816707605,
    0.00989203579845479,
    0.008816160908556425,
    0.05008114880901916,
    0.01143801242601613,
    0.0056958779405127434,
    0.007112235214299665,
    0.0055328501337284786,
    0.00477643233415501,
    0.0038998525845553777,
    0.0037583346798317385,
    0.0034449279684580386,
    0.003987425501495849,
    0.012945184175806888,
    0.007812404801776257,
    0.007963656999433301,
    0.004776231088830258,
    0.004233101808155176,
    0.0037178633653658076,
    0.003659257974067117,
    0.0035420234939499955,
    0.0033796734024851573,
    0.002963511407128231,
    0.0037048705626941667,
    0.002767515399373496,
    0.0030653749881506976,
    0.0032054604887980674,
    0.0029852644458715012,
    0.0028034983429981197,
    0.002800106664861591,
    0.036577296395202887,
    0.008255485504340125,
    0.0052198117336506025,
    0.004589985780286659,
    0.004300043533066221,
    0.003488788842875979,
    0.003369602427470979,
    0.0033288841846657565,
    0.003472927724330288,
    0.0033171632925916507,
    0.003079377472628207,
    0.003086596837652496
  ],
  "val_acc": [
    0.9050077439339185,
    0.9638616417139907,
    0.9845121321631388,
    0.9896747547754259,
    0.9958699019101703,
    0.996386164171399,
    0.9917398038203408,
    0.9969024264326277,
    0.9994837377387713,
    0.9979349509550852,
    0.9984512132163139,
    0.986060918946825,
    0.9974186886938565,
    0.9989674754775426,
    0.9989674754775426,
    0.9989674754775426,
    0.9989674754775426,
    0.9989674754775426,
    0.9989674754775426,
    0.9994837377387713,
    0.9989674754775426,
    0.9953536396489416,
    0.9979349509550852,
    0.9984512132163139,
    0.9989674754775426,
    0.9989674754775426,
    0.9989674754775426,
    0.9984512132163139,
    0.9984512132163139,
    0.9984512132163139,
    0.9984512132163139,
    0.9989674754775426,
    0.9989674754775426,
    0.9984512132163139,
    0.9979349509550852,
    0.9984512132163139,
    0.9989674754775426,
    0.9989674754775426,
    0.9865771812080537,
    0.9979349509550852,
    0.9984512132163139,
    0.9994837377387713,
    0.9989674754775426,
    0.9989674754775426,
    0.9994837377387713,
    0.9989674754775426,
    0.9989674754775426,
    0.9984512132163139,
    0.9989674754775426,
    0.9994837377387713
  ]
}