{
  "label_type": "identity",
  "label_names": [
    "M003",
    "M005",
    "M007",
    "M009",
    "M011",
    "M012",
    "M013",
    "M019",
    "M022",
    "M023",
    "M024",
    "M025",
    "M026",
    "M027",
    "M028",
    "M029",
    "M030",
    "M031",
    "M032",
    "M033",
    "M034",
    "M035",
    "M037",
    "M039",
    "M040",
    "M041",
    "M042",
    "W009",
    "W011",
    "W014",
    "W015",
    "W016",
    "W018",
    "W019",
    "W023",
    "W024",
    "W025",
    "W026",
    "W028",
    "W029",
    "W033",
    "W035",
    "W036",
    "W037",
    "W038",
    "W040"
  ],
  "num_classes": 46,
  "best_val_acc": 0.9994837377387713,
  "best_epoch": 9,
  "total_time_sec": 1658.9439253807068,
  "train_dir": "/mnt/a782f50b-253f-43da-ac99-945477898740/chensheng/Project2/train/train",
  "val_dir": "/mnt/a782f50b-253f-43da-ac99-945477898740/chensheng/Project2/train/val",
  "args": {
    "config": "/home/chensheng/1Project/Project2/config.yaml",
    "train_dir": null,
    "val_dir": null,
    "checkpoint_dir": "AuxClassifier/checkpoints_identity",
    "gpu": 0,
    "epochs": 50,
    "batch_size": 64,
    "num_workers": 8,
    "lr": 0.0001,
    "weight_decay": 0.0001,
    "seed": 42,
    "hidden_dim": 256,
    "num_heads": 4,
    "num_layers": 3,
    "ff_dim": 512,
    "dropout": 0.1,
    "max_len": 256,
    "use_cls_token": false
  }
}