{
    "best_epoch_train": 200,
    "best_loss_train": 0.24853651423941456,
    "best_epoch_val": 36,
    "best_loss_val": 0.8605659897210168,
    "train_losses": [
        1.4755694414070886,
        0.828361449288387,
        0.7752443756542954,
        0.7483712349575248,
        0.7330397638743138,
        0.718534112038135,
        0.7001947210054034,
        0.6781647209966146,
        0.6675495529014874,
        0.6546103381643108,
        0.6451192379182338,
        0.6263357851158354,
        0.6174463287718648,
        0.6073914292673085,
        0.5947284691412505,
        0.5855720668446784,
        0.5773450676255674,
        0.5749325768866406,
        0.5634823405828762,
        0.554091897480751,
        0.549093762910526,
        0.5449579603839338,
        0.5399697291039092,
        0.5353114747656634,
        0.5273526584339339,
        0.515240212035499,
        0.5191289225845022,
        0.5037561387161967,
        0.4991044345839474,
        0.49425555834829255,
        0.49392220746991067,
        0.484200830952917,
        0.48110787270607963,
        0.47618176099931736,
        0.4677465610644397,
        0.4658226318834244,
        0.4606371778760286,
        0.4555756366658875,
        0.4486300023839693,
        0.4443920107694848,
        0.4393646589435168,
        0.435673116192114,
        0.43255364153653353,
        0.42708557472017405,
        0.4216434451202613,
        0.41788421781931623,
        0.41338294113998686,
        0.4102435520128323,
        0.40690624815391685,
        0.40275182781819835,
        0.3993681597881888,
        0.39215834206594896,
        0.3902521017166114,
        0.3852579396206528,
        0.38673510910679804,
        0.3827050282121074,
        0.3796756101466554,
        0.37286154038519803,
        0.36999501723131034,
        0.3672994264815737,
        0.36562996865918146,
        0.3641618645843214,
        0.35809911284653395,
        0.35727626282118174,
        0.35220502152408484,
        0.3527360744582118,
        0.34939532450970234,
        0.34699533709062513,
        0.34543502715226915,
        0.3416183522303653,
        0.3399461805820465,
        0.3360602289776561,
        0.3355488499128659,
        0.33492471697529774,
        0.3308823778533345,
        0.3300504892049559,
        0.3273582554146478,
        0.32551602990019557,
        0.3243058293104418,
        0.32081540347191323,
        0.32225096284174454,
        0.3183951804143356,
        0.31710268518627,
        0.31632957348390506,
        0.31441245314937133,
        0.31264874542091653,
        0.3111705415112315,
        0.3100451302356149,
        0.30811981580021214,
        0.3060964234288632,
        0.3061615350753284,
        0.30400936912948995,
        0.30402260580483603,
        0.3036037080520447,
        0.30165184491436053,
        0.300599279695251,
        0.2985273609466474,
        0.2968788735330166,
        0.298991433161208,
        0.29527214269458446,
        0.2939487444727044,
        0.2934623894246124,
        0.29215635014822855,
        0.29207112028871896,
        0.290397393983338,
        0.2906105607225184,
        0.2887913385873239,
        0.2873474601560087,
        0.29273872265075135,
        0.2862382769061808,
        0.28481425412606654,
        0.2853782776708573,
        0.2841632805526318,
        0.28306283671851007,
        0.28210429699612843,
        0.281382276839024,
        0.2818694740872142,
        0.2799134236002116,
        0.280232620266938,
        0.28013046516415013,
        0.27889985710351706,
        0.2779520303318498,
        0.27865614682835815,
        0.2775707972861665,
        0.2752762463316706,
        0.2750368089683285,
        0.2743137560638727,
        0.27388295042256455,
        0.2737355365257391,
        0.2740086334439377,
        0.27236361824691113,
        0.273020166623088,
        0.2709315610036515,
        0.2700809084255752,
        0.2700586829361409,
        0.26864700371512934,
        0.26957848252895816,
        0.2687509794968447,
        0.2673970427060398,
        0.2681320157705569,
        0.2672709013009588,
        0.26692615892311367,
        0.2658907232423562,
        0.2654186642053081,
        0.26543856997300475,
        0.26491158551721994,
        0.26714906877654504,
        0.263350067016264,
        0.2633871465798379,
        0.26345926008049797,
        0.2624423150953494,
        0.2626318282940808,
        0.26241361519746614,
        0.26141921782210636,
        0.2612198621065378,
        0.2606553960633844,
        0.2605697450961368,
        0.25977144249637063,
        0.2599459121347827,
        0.2591806375974226,
        0.25913155967729135,
        0.25858573429478704,
        0.25924900763113556,
        0.2574611518558949,
        0.2577456762885408,
        0.25786142514093985,
        0.2572061824232678,
        0.25693057352913423,
        0.25625183083447634,
        0.2557706287740062,
        0.25682358580600123,
        0.2583697596785946,
        0.25485298386606764,
        0.25446496591725465,
        0.25458736820732725,
        0.25468394034172115,
        0.2542459773605207,
        0.2537238445167571,
        0.2551658660696264,
        0.2535650870533058,
        0.25301547786768747,
        0.252647091499054,
        0.25294844404831757,
        0.252277065787399,
        0.2517004338149808,
        0.25139657482581734,
        0.2515345931637521,
        0.2514259028483963,
        0.25079909099267855,
        0.25067903468975467,
        0.25086295627772626,
        0.2507155306629598,
        0.25033921127902464,
        0.24986883704199755,
        0.24997585239917255,
        0.2497183603798765,
        0.24883863783534713,
        0.24953937113777155,
        0.24942814765576854,
        0.24853651423941456
    ],