{
  "train_loss": [
    0.8217321709375377,
    0.6371668339175666,
    0.5619568261647261,
    0.5157477866914018,
    0.4816625462282424,
    0.46243383555788936,
    0.433435745579592,
    0.4007308641597667,
    0.3812912009621811,
    0.36071655848128437,
    0.3364064291573457,
    0.3139335613661226,
    0.2998386782103121,
    0.2877773798090561,
    0.2679222039666813,
    0.25478091166692723,
    0.23678107426593645,
    0.22342587511257592,
    0.22344990660064787,
    0.1966997265400318,
    0.1796054316335538,
    0.17339384053854456,
    0.15936587765528237,
    0.15603514022598208,
    0.15024125186085055,
    0.13293616305200107,
    0.1405035039086893,
    0.12430530503222975,
    0.11355706324577755,
    0.1091385908159449,
    0.10670538162009643,
    0.10391854701749308,
    0.09182085681304712,
    0.08331247346192525,
    0.08276604130549456,
    0.08584334971705354,
    0.06989827078791643,
    0.068342327150008,
    0.07802619784301129,
    0.06766401950383408,
    0.07268425057198377,
    0.07091902518643968,
    0.05731824863457809,
    0.05847131765952885,
    0.06139395487142335,
    0.054386783050826115,
    0.05457852150289035,
    0.048007255303733544,
    0.06368039697657493,
    0.04823822634189813
  ],
  "train_acc": [
    0.6075116159008777,
    0.7136035105833763,
    0.7537429013939081,
    0.7730382034073309,
    0.7896876613319567,
    0.7994321115126485,
    0.809370160041301,
    0.8263422818791947,
    0.83615126484254,
    0.8471218378936499,
    0.858544140423335,
    0.8674496644295302,
    0.8708699019101703,
    0.8799690242643263,
    0.8888745482705214,
    0.8950051626226123,
    0.9021683014971605,
    0.9064274651522973,
    0.9102994321115127,
    0.9188822922044398,
    0.9277232834279814,
    0.9300464636035106,
    0.9378549303045948,
    0.9390810531750129,
    0.9414687661331956,
    0.9475993804852866,
    0.9460505937016004,
    0.9488255033557047,
    0.9543753226639132,
    0.9572792978833248,
    0.9596670108415075,
    0.9586990191017036,
    0.9640552400619514,
    0.9674754775425917,
    0.9670882808466701,
    0.9683144037170883,
    0.9723799690242644,
    0.9735415591120289,
    0.9694114610221993,
    0.9741223541559112,
    0.9719282395456892,
    0.9725090345895715,
    0.9792204439855446,
    0.9775425916365513,
    0.9774135260712442,
    0.979478575116159,
    0.980252968508002,
    0.9818017552916882,
    0.977284460505937,
    0.9812854930304594
  ],
  "val_loss": [
    0.7286751110435579,
    0.594559821721876,
    0.5892049066633924,
    0.5190685477432788,
    0.5441464359574424,
    0.5905499218909717,
    0.4976767239093042,
    0.5144151499515104,
    0.48123035422599864,
    0.5027021446299418,
    0.4881315913222534,
    0.6292639712913171,
    0.5013247388936714,
    0.5397720777871502,
    0.5473680265428605,
    0.6032423948158477,
    0.5723595750596515,
    0.6038775503112289,
    0.5844145169194113,
    0.6135862111799115,
    0.6629210706525202,
    0.6624348465166697,
    0.697272456178483,
    0.7296325382524135,
    0.7673095717341493,
    0.8253325452248215,
    0.791014973441534,
    0.7517509103498325,
    0.8642419702193143,
    0.8411467095041743,
    0.8782003901948865,
    0.9469719973801951,
    0.8844803799411102,
    1.0142971890823214,
    0.9006489123274016,
    0.8783211391736505,
    0.9057466204042095,
    0.9577408469578749,
    0.8522493690944666,
    1.0240335049060552,
    0.9664628168449737,
    1.0141156007779524,
    1.0725780148818804,
    1.0587953706961903,
    1.0229831913665945,
    0.9653281797498665,
    0.9904402851996867,
    0.9795794295599981,
    1.0058128735916974,
    0.9405340929282469
  ],
  "val_acc": [
    0.6706246773360868,
    0.7299948373773877,
    0.7336086732059887,
    0.769747031491998,
    0.7573567372225091,
    0.7558079504388229,
    0.7867836861125451,
    0.7898812596799174,
    0.8007227671657202,
    0.7960764068146619,
    0.8017552916881776,
    0.7743933918430562,
    0.7945276200309758,
    0.8017552916881776,
    0.7914300464636035,
    0.8002065049044915,
    0.7898812596799174,
    0.7996902426432628,
    0.8007227671657202,
    0.7996902426432628,
    0.7981414558595766,
    0.7950438822922045,
    0.7929788332472896,
    0.7867836861125451,
    0.783686112545173,
    0.7898812596799174,
    0.7965926690758905,
    0.7996902426432628,
    0.7738771295818275,
    0.7862674238513164,
    0.7909137842023748,
    0.7857511615900877,
    0.7934950955085184,
    0.7909137842023748,
    0.8043366029943211,
    0.8002065049044915,
    0.7986577181208053,
    0.802787816210635,
    0.8022715539494063,
    0.7903975219411461,
    0.7960764068146619,
    0.7976251935983479,
    0.7903975219411461,
    0.7945276200309758,
    0.7847186370676303,
    0.8074341765616934,
    0.7950438822922045,
    0.8022715539494063,
    0.7909137842023748,
    0.8198244708311823
  ]
}